ts,model_id,fmt,backend,artifact_type,quant,scenario,generation_mode,n_prompt,n_gen,pp_tps,tg_tps,peak_mem_gb,wall_s,run_idx,bench_version,variant_key,tier
2026-04-28T03:55:34+00:00,gemma-4-26B-A4B-it,mlx,mlx,hf_repo,MLX-8bit,p256_g128,ar,236,128,594.123,92.301,27.072,8.76,1,,,8bit
2026-04-28T03:55:39+00:00,gemma-4-26B-A4B-it,mlx,mlx,hf_repo,MLX-8bit,p256_g128,ar,236,128,822.946,91.916,27.072,4.4,2,,,8bit
2026-04-28T03:55:54+00:00,gemma-4-26B-A4B-it,gguf,gguf,gguf_file,Q8_0,p256_g128,ar,256,128,2702.739569,92.788133,24.883,15.24,1,,,8bit
2026-04-28T03:55:57+00:00,gemma-4-26B-A4B-it,gguf,gguf,gguf_file,Q8_0,p256_g128,ar,256,128,2695.90979,91.978295,25.256,3.08,2,,,8bit
2026-04-28T03:56:20+00:00,gemma-4-26B-A4B-it,mlx,mlx,hf_repo,MLX-8bit,p256_g128,ar,236,128,811.816,90.733,27.072,4.36,1,,,8bit
2026-04-28T03:56:24+00:00,gemma-4-26B-A4B-it,mlx,mlx,hf_repo,MLX-8bit,p256_g128,ar,236,128,826.921,92.004,27.072,4.39,2,,,8bit
2026-04-28T03:56:29+00:00,gemma-4-26B-A4B-it,mlx,mlx,hf_repo,MLX-8bit,p256_g128,ar,236,128,819.21,92.276,27.072,4.38,3,,,8bit
2026-04-28T03:56:44+00:00,gemma-4-26B-A4B-it,mlx,mlx,hf_repo,MLX-8bit,p256_g512,ar,236,415,815.611,91.133,27.072,7.54,1,,,8bit
2026-04-28T03:56:51+00:00,gemma-4-26B-A4B-it,mlx,mlx,hf_repo,MLX-8bit,p256_g512,ar,236,415,830.098,91.024,27.072,7.57,2,,,8bit
2026-04-28T03:56:59+00:00,gemma-4-26B-A4B-it,mlx,mlx,hf_repo,MLX-8bit,p256_g512,ar,236,415,816.121,91.145,27.072,7.58,3,,,8bit
2026-04-28T03:57:09+00:00,gemma-4-26B-A4B-it,mlx,mlx,hf_repo,MLX-8bit,p1024_g128,ar,896,128,2251.461,89.83,27.582,5.55,1,,,8bit
2026-04-28T03:57:14+00:00,gemma-4-26B-A4B-it,mlx,mlx,hf_repo,MLX-8bit,p1024_g128,ar,896,128,2246.731,89.774,27.582,4.51,2,,,8bit
2026-04-28T03:57:18+00:00,gemma-4-26B-A4B-it,mlx,mlx,hf_repo,MLX-8bit,p1024_g128,ar,896,128,2198.743,89.796,27.582,4.55,3,,,8bit
2026-04-28T03:57:36+00:00,gemma-4-26B-A4B-it,mlx,mlx,hf_repo,MLX-8bit,p1024_g512,ar,896,508,2213.857,88.91,27.582,8.97,1,,,8bit
2026-04-28T03:57:45+00:00,gemma-4-26B-A4B-it,mlx,mlx,hf_repo,MLX-8bit,p1024_g512,ar,896,508,2224.865,88.808,27.582,9.15,2,,,8bit
2026-04-28T03:57:54+00:00,gemma-4-26B-A4B-it,mlx,mlx,hf_repo,MLX-8bit,p1024_g512,ar,896,508,2190.982,88.618,27.582,8.92,3,,,8bit
2026-04-28T03:58:05+00:00,gemma-4-26B-A4B-it,mlx,mlx,hf_repo,MLX-8bit,p4096_g128,ar,3526,128,3483.905,86.732,28.116,5.3,1,,,8bit
2026-04-28T03:58:10+00:00,gemma-4-26B-A4B-it,mlx,mlx,hf_repo,MLX-8bit,p4096_g128,ar,3526,128,3526.158,86.117,28.111,5.29,2,,,8bit
2026-04-28T03:58:15+00:00,gemma-4-26B-A4B-it,mlx,mlx,hf_repo,MLX-8bit,p4096_g128,ar,3526,128,3525.458,87.127,28.116,5.39,3,,,8bit
2026-04-28T03:58:35+00:00,gemma-4-26B-A4B-it,mlx,mlx,hf_repo,MLX-8bit,p4096_g512,ar,3526,512,3569.333,85.629,28.116,9.72,1,,,8bit
2026-04-28T03:58:45+00:00,gemma-4-26B-A4B-it,mlx,mlx,hf_repo,MLX-8bit,p4096_g512,ar,3526,512,3158.38,78.036,28.116,10.43,2,,,8bit
2026-04-28T03:58:56+00:00,gemma-4-26B-A4B-it,mlx,mlx,hf_repo,MLX-8bit,p4096_g512,ar,3526,512,3566.939,78.438,28.116,10.28,3,,,8bit
2026-04-28T03:59:08+00:00,gemma-4-26B-A4B-it,mlx,mlx,hf_repo,MLX-8bit,p8192_g128,ar,7026,128,3410.322,79.149,28.793,6.42,1,,,8bit
2026-04-28T03:59:15+00:00,gemma-4-26B-A4B-it,mlx,mlx,hf_repo,MLX-8bit,p8192_g128,ar,7026,128,3376.096,79.039,28.793,6.42,2,,,8bit
2026-04-28T03:59:21+00:00,gemma-4-26B-A4B-it,mlx,mlx,hf_repo,MLX-8bit,p8192_g128,ar,7026,128,3407.081,78.699,28.793,6.45,3,,,8bit
2026-04-28T03:59:45+00:00,gemma-4-26B-A4B-it,mlx,mlx,hf_repo,MLX-8bit,p8192_g512,ar,7026,512,3372.304,72.143,28.793,12.02,1,,,8bit
2026-04-28T03:59:57+00:00,gemma-4-26B-A4B-it,mlx,mlx,hf_repo,MLX-8bit,p8192_g512,ar,7026,512,3540.938,74.732,28.793,11.65,2,,,8bit
2026-04-28T04:00:09+00:00,gemma-4-26B-A4B-it,mlx,mlx,hf_repo,MLX-8bit,p8192_g512,ar,7026,512,3421.187,74.687,28.793,11.77,3,,,8bit
2026-04-28T04:00:15+00:00,gemma-4-26B-A4B-it,gguf,gguf,gguf_file,Q8_0,p256_g128,ar,256,128,2683.359623,92.317407,25.256,3.09,1,,,8bit
2026-04-28T04:00:18+00:00,gemma-4-26B-A4B-it,gguf,gguf,gguf_file,Q8_0,p256_g128,ar,256,128,2676.651833,93.179317,25.256,3.09,2,,,8bit
2026-04-28T04:00:21+00:00,gemma-4-26B-A4B-it,gguf,gguf,gguf_file,Q8_0,p256_g128,ar,256,128,2667.731898,93.140722,25.256,3.08,3,,,8bit
2026-04-28T04:00:37+00:00,gemma-4-26B-A4B-it,gguf,gguf,gguf_file,Q8_0,p256_g512,ar,256,512,2681.33255,81.410643,25.292,8.13,1,,,8bit
2026-04-28T04:00:45+00:00,gemma-4-26B-A4B-it,gguf,gguf,gguf_file,Q8_0,p256_g512,ar,256,512,2668.473446,81.115295,25.292,8.14,2,,,8bit
2026-04-28T04:00:53+00:00,gemma-4-26B-A4B-it,gguf,gguf,gguf_file,Q8_0,p256_g512,ar,256,512,2636.025153,83.302672,25.292,7.7,3,,,8bit
2026-04-28T04:01:00+00:00,gemma-4-26B-A4B-it,gguf,gguf,gguf_file,Q8_0,p1024_g128,ar,1024,128,2976.627734,89.658675,25.453,3.59,1,,,8bit
2026-04-28T04:01:04+00:00,gemma-4-26B-A4B-it,gguf,gguf,gguf_file,Q8_0,p1024_g128,ar,1024,128,2997.570329,90.660884,25.453,3.6,2,,,8bit
2026-04-28T04:01:07+00:00,gemma-4-26B-A4B-it,gguf,gguf,gguf_file,Q8_0,p1024_g128,ar,1024,128,2995.677618,91.431638,25.453,3.59,3,,,8bit
2026-04-28T04:01:24+00:00,gemma-4-26B-A4B-it,gguf,gguf,gguf_file,Q8_0,p1024_g512,ar,1024,512,2857.199658,80.693304,25.453,8.63,1,,,8bit
2026-04-28T04:01:32+00:00,gemma-4-26B-A4B-it,gguf,gguf,gguf_file,Q8_0,p1024_g512,ar,1024,512,2978.579822,82.337693,25.453,8.13,2,,,8bit
2026-04-28T04:01:41+00:00,gemma-4-26B-A4B-it,gguf,gguf,gguf_file,Q8_0,p1024_g512,ar,1024,512,2836.67216,80.950573,25.453,8.63,3,,,8bit
2026-04-28T04:01:53+00:00,gemma-4-26B-A4B-it,gguf,gguf,gguf_file,Q8_0,p4096_g128,ar,4096,128,2462.984823,82.182374,25.652,6.1,1,,,8bit
2026-04-28T04:01:59+00:00,gemma-4-26B-A4B-it,gguf,gguf,gguf_file,Q8_0,p4096_g128,ar,4096,128,2384.253739,82.066196,25.652,6.16,2,,,8bit
2026-04-28T04:02:05+00:00,gemma-4-26B-A4B-it,gguf,gguf,gguf_file,Q8_0,p4096_g128,ar,4096,128,2450.343553,81.51945,25.652,6.1,3,,,8bit
2026-04-28T04:02:28+00:00,gemma-4-26B-A4B-it,gguf,gguf,gguf_file,Q8_0,p4096_g512,ar,4096,512,2425.506366,80.306876,25.652,11.16,1,,,8bit
2026-04-28T04:02:39+00:00,gemma-4-26B-A4B-it,gguf,gguf,gguf_file,Q8_0,p4096_g512,ar,4096,512,2454.129248,80.41267,25.653,11.17,2,,,8bit
2026-04-28T04:02:50+00:00,gemma-4-26B-A4B-it,gguf,gguf,gguf_file,Q8_0,p4096_g512,ar,4096,512,2432.014718,79.796258,25.652,11.16,3,,,8bit
2026-04-28T04:03:10+00:00,gemma-4-26B-A4B-it,gguf,gguf,gguf_file,Q8_0,p8192_g128,ar,8192,128,2181.403819,82.387272,25.786,10.15,1,,,8bit
2026-04-28T04:03:21+00:00,gemma-4-26B-A4B-it,gguf,gguf,gguf_file,Q8_0,p8192_g128,ar,8192,128,2168.313434,81.102003,25.785,10.15,2,,,8bit
2026-04-28T04:03:31+00:00,gemma-4-26B-A4B-it,gguf,gguf,gguf_file,Q8_0,p8192_g128,ar,8192,128,2175.645098,81.196035,25.786,10.15,3,,,8bit
2026-04-28T04:04:01+00:00,gemma-4-26B-A4B-it,gguf,gguf,gguf_file,Q8_0,p8192_g512,ar,8192,512,2207.401522,80.125469,25.786,15.19,1,,,8bit
2026-04-28T04:04:16+00:00,gemma-4-26B-A4B-it,gguf,gguf,gguf_file,Q8_0,p8192_g512,ar,8192,512,2116.07046,79.708368,25.786,15.18,2,,,8bit
2026-04-28T04:04:32+00:00,gemma-4-26B-A4B-it,gguf,gguf,gguf_file,Q8_0,p8192_g512,ar,8192,512,2063.171034,79.928932,25.786,15.7,3,,,8bit
2026-04-28T06:24:09+00:00,gemma-4-26B-A4B-it,mlx,mlx,hf_repo,MLX-4bit,p256_g128,ar,236,128,1069.76,125.161,14.926,4.9,1,,,4bit
2026-04-28T06:24:14+00:00,gemma-4-26B-A4B-it,mlx,mlx,hf_repo,MLX-4bit,p256_g128,ar,236,128,1086.313,125.123,14.929,4.92,2,,,4bit
2026-04-28T06:24:19+00:00,gemma-4-26B-A4B-it,mlx,mlx,hf_repo,MLX-4bit,p256_g128,ar,236,128,1113.162,124.819,14.927,4.93,3,,,4bit
2026-04-28T06:24:35+00:00,gemma-4-26B-A4B-it,mlx,mlx,hf_repo,MLX-4bit,p256_g512,ar,236,512,1110.167,122.778,14.929,8.21,1,,,4bit
2026-04-28T06:24:44+00:00,gemma-4-26B-A4B-it,mlx,mlx,hf_repo,MLX-4bit,p256_g512,ar,236,512,1104.761,121.79,14.937,8.26,2,,,4bit
2026-04-28T06:24:52+00:00,gemma-4-26B-A4B-it,mlx,mlx,hf_repo,MLX-4bit,p256_g512,ar,236,512,1099.298,121.128,14.926,8.3,3,,,4bit
2026-04-28T06:25:03+00:00,gemma-4-26B-A4B-it,mlx,mlx,hf_repo,MLX-4bit,p1024_g128,ar,896,128,2743.211,119.866,15.239,5.24,1,,,4bit
2026-04-28T06:25:08+00:00,gemma-4-26B-A4B-it,mlx,mlx,hf_repo,MLX-4bit,p1024_g128,ar,896,128,2710.245,119.534,15.239,5.22,2,,,4bit
2026-04-28T06:25:13+00:00,gemma-4-26B-A4B-it,mlx,mlx,hf_repo,MLX-4bit,p1024_g128,ar,896,128,2708.372,119.469,15.239,5.21,3,,,4bit
2026-04-28T06:25:30+00:00,gemma-4-26B-A4B-it,mlx,mlx,hf_repo,MLX-4bit,p1024_g512,ar,896,512,2741.49,117.775,15.239,8.54,1,,,4bit
2026-04-28T06:25:39+00:00,gemma-4-26B-A4B-it,mlx,mlx,hf_repo,MLX-4bit,p1024_g512,ar,896,512,2693.87,118.088,15.239,8.51,2,,,4bit
2026-04-28T06:25:47+00:00,gemma-4-26B-A4B-it,mlx,mlx,hf_repo,MLX-4bit,p1024_g512,ar,896,512,2704.784,117.972,15.239,8.5,3,,,4bit
2026-04-28T06:25:59+00:00,gemma-4-26B-A4B-it,mlx,mlx,hf_repo,MLX-4bit,p4096_g128,ar,3526,128,3990.944,114.431,15.773,5.92,1,,,4bit
2026-04-28T06:26:05+00:00,gemma-4-26B-A4B-it,mlx,mlx,hf_repo,MLX-4bit,p4096_g128,ar,3526,128,3977.902,115.044,15.768,5.86,2,,,4bit
2026-04-28T06:26:11+00:00,gemma-4-26B-A4B-it,mlx,mlx,hf_repo,MLX-4bit,p4096_g128,ar,3526,128,4011.181,115.634,15.768,5.93,3,,,4bit
2026-04-28T06:26:29+00:00,gemma-4-26B-A4B-it,mlx,mlx,hf_repo,MLX-4bit,p4096_g512,ar,3526,512,4013.125,114.714,15.768,9.16,1,,,4bit
2026-04-28T06:26:39+00:00,gemma-4-26B-A4B-it,mlx,mlx,hf_repo,MLX-4bit,p4096_g512,ar,3526,512,4007.286,102.53,15.773,9.72,2,,,4bit
2026-04-28T06:26:49+00:00,gemma-4-26B-A4B-it,mlx,mlx,hf_repo,MLX-4bit,p4096_g512,ar,3526,512,4011.916,100.989,15.768,9.75,3,,,4bit
2026-04-28T06:27:03+00:00,gemma-4-26B-A4B-it,mlx,mlx,hf_repo,MLX-4bit,p8192_g128,ar,7026,128,3801.91,102.202,16.45,7.05,1,,,4bit
2026-04-28T06:27:10+00:00,gemma-4-26B-A4B-it,mlx,mlx,hf_repo,MLX-4bit,p8192_g128,ar,7026,128,3729.184,101.169,16.45,7.01,2,,,4bit
2026-04-28T06:27:17+00:00,gemma-4-26B-A4B-it,mlx,mlx,hf_repo,MLX-4bit,p8192_g128,ar,7026,128,3698.519,100.95,16.45,7.05,3,,,4bit
2026-04-28T06:27:40+00:00,gemma-4-26B-A4B-it,mlx,mlx,hf_repo,MLX-4bit,p8192_g512,ar,7026,512,3751.47,88.726,16.45,11.46,1,,,4bit
2026-04-28T06:27:52+00:00,gemma-4-26B-A4B-it,mlx,mlx,hf_repo,MLX-4bit,p8192_g512,ar,7026,512,3877.282,90.007,16.45,11.61,2,,,4bit
2026-04-28T06:28:03+00:00,gemma-4-26B-A4B-it,mlx,mlx,hf_repo,MLX-4bit,p8192_g512,ar,7026,512,3781.866,91.684,16.45,11.27,3,,,4bit
2026-04-28T06:28:09+00:00,gemma-4-26B-A4B-it,gguf,gguf,gguf_file,Q4_K_M,p256_g128,ar,256,128,2795.718702,90.162386,15.95,2.6,1,,,4bit
2026-04-28T06:28:11+00:00,gemma-4-26B-A4B-it,gguf,gguf,gguf_file,Q4_K_M,p256_g128,ar,256,128,2829.781992,87.373905,15.951,2.6,2,,,4bit
2026-04-28T06:28:14+00:00,gemma-4-26B-A4B-it,gguf,gguf,gguf_file,Q4_K_M,p256_g128,ar,256,128,2675.04474,88.039257,15.951,3.07,3,,,4bit
2026-04-28T06:28:30+00:00,gemma-4-26B-A4B-it,gguf,gguf,gguf_file,Q4_K_M,p256_g512,ar,256,512,2767.900464,79.800951,15.986,7.65,1,,,4bit
2026-04-28T06:28:37+00:00,gemma-4-26B-A4B-it,gguf,gguf,gguf_file,Q4_K_M,p256_g512,ar,256,512,2841.313727,80.477651,15.986,7.62,2,,,4bit
2026-04-28T06:28:45+00:00,gemma-4-26B-A4B-it,gguf,gguf,gguf_file,Q4_K_M,p256_g512,ar,256,512,2529.578655,81.704052,15.986,7.62,3,,,4bit
2026-04-28T06:28:51+00:00,gemma-4-26B-A4B-it,gguf,gguf,gguf_file,Q4_K_M,p1024_g128,ar,1024,128,2761.193502,89.550589,16.147,3.11,1,,,4bit
2026-04-28T06:28:55+00:00,gemma-4-26B-A4B-it,gguf,gguf,gguf_file,Q4_K_M,p1024_g128,ar,1024,128,2116.203836,86.041746,16.148,3.58,2,,,4bit
2026-04-28T06:28:59+00:00,gemma-4-26B-A4B-it,gguf,gguf,gguf_file,Q4_K_M,p1024_g128,ar,1024,128,2314.91206,88.552783,16.147,3.58,3,,,4bit
2026-04-28T06:29:15+00:00,gemma-4-26B-A4B-it,gguf,gguf,gguf_file,Q4_K_M,p1024_g512,ar,1024,512,2264.507066,82.548984,16.147,8.11,1,,,4bit
2026-04-28T06:29:23+00:00,gemma-4-26B-A4B-it,gguf,gguf,gguf_file,Q4_K_M,p1024_g512,ar,1024,512,2538.761149,82.773912,16.147,8.12,2,,,4bit
2026-04-28T06:29:31+00:00,gemma-4-26B-A4B-it,gguf,gguf,gguf_file,Q4_K_M,p1024_g512,ar,1024,512,2602.172545,83.395546,16.147,8.13,3,,,4bit
2026-04-28T06:29:44+00:00,gemma-4-26B-A4B-it,gguf,gguf,gguf_file,Q4_K_M,p4096_g128,ar,4096,128,2139.675512,88.088729,16.347,6.6,1,,,4bit
2026-04-28T06:29:50+00:00,gemma-4-26B-A4B-it,gguf,gguf,gguf_file,Q4_K_M,p4096_g128,ar,4096,128,2160.871882,87.453754,16.347,6.1,2,,,4bit
2026-04-28T06:29:56+00:00,gemma-4-26B-A4B-it,gguf,gguf,gguf_file,Q4_K_M,p4096_g128,ar,4096,128,2115.974718,87.912631,16.347,6.13,3,,,4bit
2026-04-28T06:30:19+00:00,gemma-4-26B-A4B-it,gguf,gguf,gguf_file,Q4_K_M,p4096_g512,ar,4096,512,2103.280522,83.329332,16.347,11.16,1,,,4bit
2026-04-28T06:30:30+00:00,gemma-4-26B-A4B-it,gguf,gguf,gguf_file,Q4_K_M,p4096_g512,ar,4096,512,2017.910143,83.636988,16.347,11.14,2,,,4bit
2026-04-28T06:30:41+00:00,gemma-4-26B-A4B-it,gguf,gguf,gguf_file,Q4_K_M,p4096_g512,ar,4096,512,2107.223381,83.610103,16.347,11.14,3,,,4bit
2026-04-28T06:31:02+00:00,gemma-4-26B-A4B-it,gguf,gguf,gguf_file,Q4_K_M,p8192_g128,ar,8192,128,2036.793098,86.954444,16.48,10.61,1,,,4bit
2026-04-28T06:31:13+00:00,gemma-4-26B-A4B-it,gguf,gguf,gguf_file,Q4_K_M,p8192_g128,ar,8192,128,1950.772367,88.648023,16.481,10.65,2,,,4bit
2026-04-28T06:31:23+00:00,gemma-4-26B-A4B-it,gguf,gguf,gguf_file,Q4_K_M,p8192_g128,ar,8192,128,2009.410506,89.516183,16.48,10.67,3,,,4bit
2026-04-28T06:31:54+00:00,gemma-4-26B-A4B-it,gguf,gguf,gguf_file,Q4_K_M,p8192_g512,ar,8192,512,2009.310393,81.876058,16.481,15.68,1,,,4bit
2026-04-28T06:32:10+00:00,gemma-4-26B-A4B-it,gguf,gguf,gguf_file,Q4_K_M,p8192_g512,ar,8192,512,1955.507879,82.884031,16.481,15.17,2,,,4bit
2026-04-28T06:32:25+00:00,gemma-4-26B-A4B-it,gguf,gguf,gguf_file,Q4_K_M,p8192_g512,ar,8192,512,1984.9465,82.267948,16.48,15.68,3,,,4bit
2026-04-28T06:32:55+00:00,gemma-4-31B-it,mlx,mlx,hf_repo,MLX-8bit,p256_g128,ar,236,128,350.805,14.073,33.114,14.13,1,,,8bit
2026-04-28T06:33:09+00:00,gemma-4-31B-it,mlx,mlx,hf_repo,MLX-8bit,p256_g128,ar,236,128,353.337,13.886,33.114,14.25,2,,,8bit
2026-04-28T06:33:23+00:00,gemma-4-31B-it,mlx,mlx,hf_repo,MLX-8bit,p256_g128,ar,236,128,354.805,13.975,33.114,14.3,3,,,8bit
2026-04-28T06:34:41+00:00,gemma-4-31B-it,mlx,mlx,hf_repo,MLX-8bit,p256_g512,ar,236,457,349.514,13.584,33.339,38.65,1,,,8bit
2026-04-28T06:35:20+00:00,gemma-4-31B-it,mlx,mlx,hf_repo,MLX-8bit,p256_g512,ar,236,457,353.533,13.707,33.339,38.51,2,,,8bit
2026-04-28T06:35:59+00:00,gemma-4-31B-it,mlx,mlx,hf_repo,MLX-8bit,p256_g512,ar,236,457,349.223,13.645,33.339,38.6,3,,,8bit
2026-04-28T06:36:30+00:00,gemma-4-31B-it,mlx,mlx,hf_repo,MLX-8bit,p1024_g128,ar,896,128,604.651,13.47,34.022,15.53,1,,,8bit
2026-04-28T06:36:45+00:00,gemma-4-31B-it,mlx,mlx,hf_repo,MLX-8bit,p1024_g128,ar,896,128,607.141,13.672,34.022,15.22,2,,,8bit
2026-04-28T06:37:00+00:00,gemma-4-31B-it,mlx,mlx,hf_repo,MLX-8bit,p1024_g128,ar,896,128,588.629,13.587,34.022,15.31,3,,,8bit
2026-04-28T06:38:01+00:00,gemma-4-31B-it,mlx,mlx,hf_repo,MLX-8bit,p1024_g512,ar,896,324,602.64,13.231,34.022,30.4,1,,,8bit
2026-04-28T06:38:31+00:00,gemma-4-31B-it,mlx,mlx,hf_repo,MLX-8bit,p1024_g512,ar,896,324,603.534,13.29,34.022,30.26,2,,,8bit
2026-04-28T06:39:01+00:00,gemma-4-31B-it,mlx,mlx,hf_repo,MLX-8bit,p1024_g512,ar,896,324,602.107,13.24,34.022,30.34,3,,,8bit
2026-04-28T06:39:43+00:00,gemma-4-31B-it,mlx,mlx,hf_repo,MLX-8bit,p4096_g128,ar,3526,128,542.136,13.179,35.978,20.61,1,,,8bit
2026-04-28T06:40:03+00:00,gemma-4-31B-it,mlx,mlx,hf_repo,MLX-8bit,p4096_g128,ar,3526,128,538.104,13.168,35.978,20.69,2,,,8bit
2026-04-28T06:40:24+00:00,gemma-4-31B-it,mlx,mlx,hf_repo,MLX-8bit,p4096_g128,ar,3526,128,539.886,13.167,35.978,20.68,3,,,8bit
2026-04-28T06:42:05+00:00,gemma-4-31B-it,mlx,mlx,hf_repo,MLX-8bit,p4096_g512,ar,3526,512,539.366,12.998,35.978,50.38,1,,,8bit
2026-04-28T06:42:55+00:00,gemma-4-31B-it,mlx,mlx,hf_repo,MLX-8bit,p4096_g512,ar,3526,512,545.833,13.069,35.978,50.05,2,,,8bit
2026-04-28T06:43:45+00:00,gemma-4-31B-it,mlx,mlx,hf_repo,MLX-8bit,p4096_g512,ar,3526,512,545.186,13.054,35.978,50.1,3,,,8bit
2026-04-28T06:44:42+00:00,gemma-4-31B-it,mlx,mlx,hf_repo,MLX-8bit,p8192_g128,ar,7026,128,503.19,12.749,37.13,28.46,1,,,8bit
2026-04-28T06:45:11+00:00,gemma-4-31B-it,mlx,mlx,hf_repo,MLX-8bit,p8192_g128,ar,7026,128,495.425,12.685,37.13,28.65,2,,,8bit
2026-04-28T06:45:40+00:00,gemma-4-31B-it,mlx,mlx,hf_repo,MLX-8bit,p8192_g128,ar,7026,128,493.768,12.648,37.13,28.87,3,,,8bit
2026-04-28T06:47:17+00:00,gemma-4-31B-it,mlx,mlx,hf_repo,MLX-8bit,p8192_g512,ar,7026,375,495.505,12.465,37.13,48.68,1,,,8bit
2026-04-28T06:48:06+00:00,gemma-4-31B-it,mlx,mlx,hf_repo,MLX-8bit,p8192_g512,ar,7026,375,494.298,12.551,37.13,48.66,2,,,8bit
2026-04-28T06:48:54+00:00,gemma-4-31B-it,mlx,mlx,hf_repo,MLX-8bit,p8192_g512,ar,7026,375,493.871,12.521,37.13,48.62,3,,,8bit
2026-04-28T06:49:22+00:00,gemma-4-31B-it,gguf,gguf,gguf_file,Q8_0,p256_g128,ar,256,128,343.66885,13.628215,30.825,12.64,1,,,8bit
2026-04-28T06:49:34+00:00,gemma-4-31B-it,gguf,gguf,gguf_file,Q8_0,p256_g128,ar,256,128,364.926219,13.748093,30.825,12.15,2,,,8bit
2026-04-28T06:49:47+00:00,gemma-4-31B-it,gguf,gguf,gguf_file,Q8_0,p256_g128,ar,256,128,353.373189,13.704966,30.825,12.66,3,,,8bit
2026-04-28T06:51:09+00:00,gemma-4-31B-it,gguf,gguf,gguf_file,Q8_0,p256_g512,ar,256,512,384.298047,13.448413,31.008,40.93,1,,,8bit
2026-04-28T06:51:50+00:00,gemma-4-31B-it,gguf,gguf,gguf_file,Q8_0,p256_g512,ar,256,512,353.349168,13.549973,31.008,40.91,2,,,8bit
2026-04-28T06:52:32+00:00,gemma-4-31B-it,gguf,gguf,gguf_file,Q8_0,p256_g512,ar,256,512,350.46607,13.434909,31.008,41.42,3,,,8bit
2026-04-28T06:53:05+00:00,gemma-4-31B-it,gguf,gguf,gguf_file,Q8_0,p1024_g128,ar,1024,128,321.683275,14.002094,31.547,16.69,1,,,8bit
2026-04-28T06:53:22+00:00,gemma-4-31B-it,gguf,gguf,gguf_file,Q8_0,p1024_g128,ar,1024,128,322.626884,13.952112,31.547,17.2,2,,,8bit
2026-04-28T06:53:39+00:00,gemma-4-31B-it,gguf,gguf,gguf_file,Q8_0,p1024_g128,ar,1024,128,329.903182,13.877961,31.547,16.7,3,,,8bit
2026-04-28T06:55:11+00:00,gemma-4-31B-it,gguf,gguf,gguf_file,Q8_0,p1024_g512,ar,1024,512,317.916969,13.541509,31.547,45.5,1,,,8bit
2026-04-28T06:55:56+00:00,gemma-4-31B-it,gguf,gguf,gguf_file,Q8_0,p1024_g512,ar,1024,512,321.748527,13.614016,31.547,45.44,2,,,8bit
2026-04-28T06:56:41+00:00,gemma-4-31B-it,gguf,gguf,gguf_file,Q8_0,p1024_g512,ar,1024,512,322.595664,13.65921,31.547,45.45,3,,,8bit
2026-04-28T06:57:56+00:00,gemma-4-31B-it,gguf,gguf,gguf_file,Q8_0,p4096_g128,ar,4096,128,306.864229,13.578502,32.303,37.4,1,,,8bit
2026-04-28T06:58:34+00:00,gemma-4-31B-it,gguf,gguf,gguf_file,Q8_0,p4096_g128,ar,4096,128,301.013504,13.391753,32.303,38.41,2,,,8bit
2026-04-28T06:59:13+00:00,gemma-4-31B-it,gguf,gguf,gguf_file,Q8_0,p4096_g128,ar,4096,128,296.082274,13.255808,32.304,38.46,3,,,8bit
2026-04-28T07:01:31+00:00,gemma-4-31B-it,gguf,gguf,gguf_file,Q8_0,p4096_g512,ar,4096,512,288.669204,12.879065,32.304,69.15,1,,,8bit
2026-04-28T07:02:41+00:00,gemma-4-31B-it,gguf,gguf,gguf_file,Q8_0,p4096_g512,ar,4096,512,293.264868,12.62179,32.304,69.63,2,,,8bit
2026-04-28T07:03:49+00:00,gemma-4-31B-it,gguf,gguf,gguf_file,Q8_0,p4096_g512,ar,4096,512,298.889417,12.943224,32.303,68.64,3,,,8bit
2026-04-28T07:06:06+00:00,gemma-4-31B-it,gguf,gguf,gguf_file,Q8_0,p8192_g128,ar,8192,128,286.414461,13.225536,32.788,68.64,1,,,8bit
2026-04-28T07:07:14+00:00,gemma-4-31B-it,gguf,gguf,gguf_file,Q8_0,p8192_g128,ar,8192,128,285.977856,13.156647,32.788,68.66,2,,,8bit
2026-04-28T07:08:23+00:00,gemma-4-31B-it,gguf,gguf,gguf_file,Q8_0,p8192_g128,ar,8192,128,282.961024,13.087663,32.788,68.76,3,,,8bit
2026-04-28T07:11:40+00:00,gemma-4-31B-it,gguf,gguf,gguf_file,Q8_0,p8192_g512,ar,8192,512,292.244598,12.894126,32.788,97.44,1,,,8bit
2026-04-28T07:13:16+00:00,gemma-4-31B-it,gguf,gguf,gguf_file,Q8_0,p8192_g512,ar,8192,512,294.253431,12.939305,32.788,96.41,2,,,8bit
2026-04-28T07:14:54+00:00,gemma-4-31B-it,gguf,gguf,gguf_file,Q8_0,p8192_g512,ar,8192,512,291.121415,12.940675,32.788,97.88,3,,,8bit
2026-05-03T13:36:52+00:00,gemma-4-E4B-it,gguf,gguf,gguf_file,Q8_0,p256_g128,ar,256,128,3544.31957,77.230397,7.845,2.61,1,0.3,gemma-4-E4B-gguf-q8,8bit
2026-05-03T13:36:57+00:00,qwen-3.5-4B,gguf,gguf,gguf_file,Q8_0,p256_g128,ar,256,128,3482.355571,87.61716,4.367,2.09,1,0.3,qwen-3.5-4b-gguf-q8,8bit
2026-05-03T13:37:05+00:00,qwen-3.5-9B,gguf,gguf,gguf_file,Q8_0,p256_g128,ar,256,128,1872.181558,53.9595,9.066,3.62,1,0.3,qwen-3.5-9b-gguf-q8,8bit
2026-05-03T13:37:14+00:00,qwen-3.6-35B-A3B,gguf,gguf,gguf_file,Q4_K_M,p256_g128,ar,256,128,2478.848691,93.06848,20.837,2.61,1,0.3,qwen-3.6-35b-a3b-gguf-q4,4bit
2026-05-03T13:37:25+00:00,qwen-3-coder-next,gguf,gguf,gguf_file,Q4_K_M,p256_g128,ar,256,128,1651.583153,81.579509,45.427,4.11,1,0.3,qwen-3-coder-next-gguf-q4,4bit
2026-05-04T01:52:56+00:00,gemma-4-E4B-it,gguf,gguf,gguf_file,Q8_0,p256_g128,ar,256,128,3485.27323,76.14703,7.844,2.59,1,0.3,gemma-4-E4B-gguf-q8,8bit
2026-05-04T01:52:59+00:00,gemma-4-E4B-it,gguf,gguf,gguf_file,Q8_0,p256_g128,ar,256,128,3497.59229,76.201164,7.845,2.58,2,0.3,gemma-4-E4B-gguf-q8,8bit
2026-05-04T01:53:01+00:00,gemma-4-E4B-it,gguf,gguf,gguf_file,Q8_0,p256_g128,ar,256,128,3535.083592,76.06417,7.845,2.58,3,0.3,gemma-4-E4B-gguf-q8,8bit
2026-05-04T01:53:17+00:00,gemma-4-E4B-it,gguf,gguf,gguf_file,Q8_0,p256_g512,ar,256,512,3507.632094,75.016135,7.845,8.12,1,0.3,gemma-4-E4B-gguf-q8,8bit
2026-05-04T01:53:25+00:00,gemma-4-E4B-it,gguf,gguf,gguf_file,Q8_0,p256_g512,ar,256,512,3509.721998,75.07913,7.845,7.65,2,0.3,gemma-4-E4B-gguf-q8,8bit
2026-05-04T01:53:33+00:00,gemma-4-E4B-it,gguf,gguf,gguf_file,Q8_0,p256_g512,ar,256,512,3526.737506,73.217643,7.846,8.12,3,0.3,gemma-4-E4B-gguf-q8,8bit
2026-05-04T01:53:39+00:00,gemma-4-E4B-it,gguf,gguf,gguf_file,Q8_0,p1024_g128,ar,1024,128,3312.9536,76.054885,7.941,3.1,1,0.3,gemma-4-E4B-gguf-q8,8bit
2026-05-04T01:53:42+00:00,gemma-4-E4B-it,gguf,gguf,gguf_file,Q8_0,p1024_g128,ar,1024,128,3262.891811,75.860944,7.941,3.09,2,0.3,gemma-4-E4B-gguf-q8,8bit
2026-05-04T01:53:46+00:00,gemma-4-E4B-it,gguf,gguf,gguf_file,Q8_0,p1024_g128,ar,1024,128,3219.339933,75.869173,7.941,3.59,3,0.3,gemma-4-E4B-gguf-q8,8bit
2026-05-04T01:54:03+00:00,gemma-4-E4B-it,gguf,gguf,gguf_file,Q8_0,p1024_g512,ar,1024,512,2939.638024,74.378365,7.941,8.64,1,0.3,gemma-4-E4B-gguf-q8,8bit
2026-05-04T01:54:12+00:00,gemma-4-E4B-it,gguf,gguf,gguf_file,Q8_0,p1024_g512,ar,1024,512,3108.025512,74.592399,7.941,8.63,2,0.3,gemma-4-E4B-gguf-q8,8bit
2026-05-04T01:54:20+00:00,gemma-4-E4B-it,gguf,gguf,gguf_file,Q8_0,p1024_g512,ar,1024,512,3145.440931,73.081005,7.942,8.64,3,0.3,gemma-4-E4B-gguf-q8,8bit
2026-05-04T01:54:31+00:00,gemma-4-E4B-it,gguf,gguf,gguf_file,Q8_0,p4096_g128,ar,4096,128,3024.042094,75.257279,8.001,5.61,1,0.3,gemma-4-E4B-gguf-q8,8bit
2026-05-04T01:54:36+00:00,gemma-4-E4B-it,gguf,gguf,gguf_file,Q8_0,p4096_g128,ar,4096,128,3019.493646,74.868897,8.0,5.12,2,0.3,gemma-4-E4B-gguf-q8,8bit
2026-05-04T01:54:41+00:00,gemma-4-E4B-it,gguf,gguf,gguf_file,Q8_0,p4096_g128,ar,4096,128,2867.053519,74.796468,8.002,5.11,3,0.3,gemma-4-E4B-gguf-q8,8bit
2026-05-04T01:55:03+00:00,gemma-4-E4B-it,gguf,gguf,gguf_file,Q8_0,p4096_g512,ar,4096,512,2956.839064,74.862864,8.001,10.65,1,0.3,gemma-4-E4B-gguf-q8,8bit
2026-05-04T01:55:13+00:00,gemma-4-E4B-it,gguf,gguf,gguf_file,Q8_0,p4096_g512,ar,4096,512,3010.215147,72.929991,8.0,10.65,2,0.3,gemma-4-E4B-gguf-q8,8bit
2026-05-04T01:55:24+00:00,gemma-4-E4B-it,gguf,gguf,gguf_file,Q8_0,p4096_g512,ar,4096,512,2981.593518,72.379927,8.0,10.65,3,0.3,gemma-4-E4B-gguf-q8,8bit
2026-05-04T01:55:42+00:00,gemma-4-E4B-it,gguf,gguf,gguf_file,Q8_0,p8192_g128,ar,8192,128,2399.027767,69.96859,8.079,9.14,1,0.3,gemma-4-E4B-gguf-q8,8bit
2026-05-04T01:55:51+00:00,gemma-4-E4B-it,gguf,gguf,gguf_file,Q8_0,p8192_g128,ar,8192,128,2450.702804,72.200237,8.079,9.14,2,0.3,gemma-4-E4B-gguf-q8,8bit
2026-05-04T01:55:59+00:00,gemma-4-E4B-it,gguf,gguf,gguf_file,Q8_0,p8192_g128,ar,8192,128,2599.426462,72.613484,8.079,8.63,3,0.3,gemma-4-E4B-gguf-q8,8bit
2026-05-04T01:56:28+00:00,gemma-4-E4B-it,gguf,gguf,gguf_file,Q8_0,p8192_g512,ar,8192,512,2584.920892,69.213138,8.079,14.67,1,0.3,gemma-4-E4B-gguf-q8,8bit
2026-05-04T01:56:43+00:00,gemma-4-E4B-it,gguf,gguf,gguf_file,Q8_0,p8192_g512,ar,8192,512,2530.155563,69.56157,8.079,14.69,2,0.3,gemma-4-E4B-gguf-q8,8bit
2026-05-04T01:56:58+00:00,gemma-4-E4B-it,gguf,gguf,gguf_file,Q8_0,p8192_g512,ar,8192,512,2551.227895,69.153709,8.079,14.68,3,0.3,gemma-4-E4B-gguf-q8,8bit
2026-05-04T01:57:03+00:00,qwen-3.5-4B,gguf,gguf,gguf_file,Q8_0,p256_g128,ar,256,128,3428.246204,82.942406,4.367,2.58,1,0.3,qwen-3.5-4b-gguf-q8,8bit
2026-05-04T01:57:05+00:00,qwen-3.5-4B,gguf,gguf,gguf_file,Q8_0,p256_g128,ar,256,128,3419.960441,82.681448,4.368,2.57,2,0.3,qwen-3.5-4b-gguf-q8,8bit
2026-05-04T01:57:08+00:00,qwen-3.5-4B,gguf,gguf,gguf_file,Q8_0,p256_g128,ar,256,128,3315.249854,80.69662,4.368,2.59,3,0.3,qwen-3.5-4b-gguf-q8,8bit
2026-05-04T01:57:23+00:00,qwen-3.5-4B,gguf,gguf,gguf_file,Q8_0,p256_g512,ar,256,512,3380.767169,77.036215,4.379,7.63,1,0.3,qwen-3.5-4b-gguf-q8,8bit
2026-05-04T01:57:31+00:00,qwen-3.5-4B,gguf,gguf,gguf_file,Q8_0,p256_g512,ar,256,512,3452.061598,78.576795,4.38,7.61,2,0.3,qwen-3.5-4b-gguf-q8,8bit
2026-05-04T01:57:39+00:00,qwen-3.5-4B,gguf,gguf,gguf_file,Q8_0,p256_g512,ar,256,512,3425.360184,77.779714,4.379,7.62,3,0.3,qwen-3.5-4b-gguf-q8,8bit
2026-05-04T01:57:45+00:00,qwen-3.5-4B,gguf,gguf,gguf_file,Q8_0,p1024_g128,ar,1024,128,2184.334318,75.004922,4.416,3.09,1,0.3,qwen-3.5-4b-gguf-q8,8bit
2026-05-04T01:57:48+00:00,qwen-3.5-4B,gguf,gguf,gguf_file,Q8_0,p1024_g128,ar,1024,128,2055.392045,73.808318,4.416,3.59,2,0.3,qwen-3.5-4b-gguf-q8,8bit
2026-05-04T01:57:52+00:00,qwen-3.5-4B,gguf,gguf,gguf_file,Q8_0,p1024_g128,ar,1024,128,2379.287649,71.786826,4.417,3.59,3,0.3,qwen-3.5-4b-gguf-q8,8bit
2026-05-04T01:58:10+00:00,qwen-3.5-4B,gguf,gguf,gguf_file,Q8_0,p1024_g512,ar,1024,512,2164.961884,69.857784,4.416,9.13,1,0.3,qwen-3.5-4b-gguf-q8,8bit
2026-05-04T01:58:18+00:00,qwen-3.5-4B,gguf,gguf,gguf_file,Q8_0,p1024_g512,ar,1024,512,2629.362585,76.035209,4.416,8.13,2,0.3,qwen-3.5-4b-gguf-q8,8bit
2026-05-04T01:58:27+00:00,qwen-3.5-4B,gguf,gguf,gguf_file,Q8_0,p1024_g512,ar,1024,512,2403.042526,76.526416,4.416,8.13,3,0.3,qwen-3.5-4b-gguf-q8,8bit
2026-05-04T01:58:38+00:00,qwen-3.5-4B,gguf,gguf,gguf_file,Q8_0,p4096_g128,ar,4096,128,2357.596532,79.602673,4.522,5.61,1,0.3,qwen-3.5-4b-gguf-q8,8bit
2026-05-04T01:58:43+00:00,qwen-3.5-4B,gguf,gguf,gguf_file,Q8_0,p4096_g128,ar,4096,128,2547.848819,79.705852,4.522,5.61,2,0.3,qwen-3.5-4b-gguf-q8,8bit
2026-05-04T01:58:49+00:00,qwen-3.5-4B,gguf,gguf,gguf_file,Q8_0,p4096_g128,ar,4096,128,2497.709213,79.572338,4.522,5.6,3,0.3,qwen-3.5-4b-gguf-q8,8bit
2026-05-04T01:59:10+00:00,qwen-3.5-4B,gguf,gguf,gguf_file,Q8_0,p4096_g512,ar,4096,512,2456.441297,75.882011,4.522,10.65,1,0.3,qwen-3.5-4b-gguf-q8,8bit
2026-05-04T01:59:21+00:00,qwen-3.5-4B,gguf,gguf,gguf_file,Q8_0,p4096_g512,ar,4096,512,2563.451648,76.436344,4.522,10.66,2,0.3,qwen-3.5-4b-gguf-q8,8bit
2026-05-04T01:59:32+00:00,qwen-3.5-4B,gguf,gguf,gguf_file,Q8_0,p4096_g512,ar,4096,512,2472.220401,76.503824,4.522,10.63,3,0.3,qwen-3.5-4b-gguf-q8,8bit
2026-05-04T01:59:50+00:00,qwen-3.5-4B,gguf,gguf,gguf_file,Q8_0,p8192_g128,ar,8192,128,2387.467573,79.083584,4.663,9.14,1,0.3,qwen-3.5-4b-gguf-q8,8bit
2026-05-04T02:00:00+00:00,qwen-3.5-4B,gguf,gguf,gguf_file,Q8_0,p8192_g128,ar,8192,128,2395.497535,78.752551,4.663,9.14,2,0.3,qwen-3.5-4b-gguf-q8,8bit
2026-05-04T02:00:09+00:00,qwen-3.5-4B,gguf,gguf,gguf_file,Q8_0,p8192_g128,ar,8192,128,2410.999508,78.108805,4.663,9.64,3,0.3,qwen-3.5-4b-gguf-q8,8bit
2026-05-04T02:00:39+00:00,qwen-3.5-4B,gguf,gguf,gguf_file,Q8_0,p8192_g512,ar,8192,512,2318.678522,74.776295,4.663,14.7,1,0.3,qwen-3.5-4b-gguf-q8,8bit
2026-05-04T02:00:54+00:00,qwen-3.5-4B,gguf,gguf,gguf_file,Q8_0,p8192_g512,ar,8192,512,2238.313363,72.70313,4.663,15.2,2,0.3,qwen-3.5-4b-gguf-q8,8bit
2026-05-04T02:01:09+00:00,qwen-3.5-4B,gguf,gguf,gguf_file,Q8_0,p8192_g512,ar,8192,512,2285.497151,74.094503,4.663,14.7,3,0.3,qwen-3.5-4b-gguf-q8,8bit
2026-05-04T02:01:17+00:00,qwen-3.5-9B,gguf,gguf,gguf_file,Q8_0,p256_g128,ar,256,128,1639.77172,46.108774,9.066,4.1,1,0.3,qwen-3.5-9b-gguf-q8,8bit
2026-05-04T02:01:21+00:00,qwen-3.5-9B,gguf,gguf,gguf_file,Q8_0,p256_g128,ar,256,128,1744.81362,45.461615,9.066,4.1,2,0.3,qwen-3.5-9b-gguf-q8,8bit
2026-05-04T02:01:26+00:00,qwen-3.5-9B,gguf,gguf,gguf_file,Q8_0,p256_g128,ar,256,128,1735.985541,47.244981,9.066,4.1,3,0.3,qwen-3.5-9b-gguf-q8,8bit
2026-05-04T02:01:51+00:00,qwen-3.5-9B,gguf,gguf,gguf_file,Q8_0,p256_g512,ar,256,512,1729.700033,45.211121,9.078,12.66,1,0.3,qwen-3.5-9b-gguf-q8,8bit
2026-05-04T02:02:03+00:00,qwen-3.5-9B,gguf,gguf,gguf_file,Q8_0,p256_g512,ar,256,512,1761.392643,45.521827,9.078,12.18,2,0.3,qwen-3.5-9b-gguf-q8,8bit
2026-05-04T02:02:16+00:00,qwen-3.5-9B,gguf,gguf,gguf_file,Q8_0,p256_g512,ar,256,512,1669.171511,45.21032,9.078,12.66,3,0.3,qwen-3.5-9b-gguf-q8,8bit
2026-05-04T02:02:26+00:00,qwen-3.5-9B,gguf,gguf,gguf_file,Q8_0,p1024_g128,ar,1024,128,1180.748666,48.354969,9.12,5.1,1,0.3,qwen-3.5-9b-gguf-q8,8bit
2026-05-04T02:02:31+00:00,qwen-3.5-9B,gguf,gguf,gguf_file,Q8_0,p1024_g128,ar,1024,128,1191.157458,47.783758,9.12,5.09,2,0.3,qwen-3.5-9b-gguf-q8,8bit
2026-05-04T02:02:36+00:00,qwen-3.5-9B,gguf,gguf,gguf_file,Q8_0,p1024_g128,ar,1024,128,1196.769132,48.080576,9.12,5.11,3,0.3,qwen-3.5-9b-gguf-q8,8bit
2026-05-04T02:03:04+00:00,qwen-3.5-9B,gguf,gguf,gguf_file,Q8_0,p1024_g512,ar,1024,512,1146.397092,46.017795,9.12,13.7,1,0.3,qwen-3.5-9b-gguf-q8,8bit
2026-05-04T02:03:17+00:00,qwen-3.5-9B,gguf,gguf,gguf_file,Q8_0,p1024_g512,ar,1024,512,1262.291301,44.46922,9.12,13.71,2,0.3,qwen-3.5-9b-gguf-q8,8bit
2026-05-04T02:03:31+00:00,qwen-3.5-9B,gguf,gguf,gguf_file,Q8_0,p1024_g512,ar,1024,512,1160.893588,45.747965,9.12,13.68,3,0.3,qwen-3.5-9b-gguf-q8,8bit
2026-05-04T02:03:51+00:00,qwen-3.5-9B,gguf,gguf,gguf_file,Q8_0,p4096_g128,ar,4096,128,1271.696929,47.702307,9.226,10.16,1,0.3,qwen-3.5-9b-gguf-q8,8bit
2026-05-04T02:04:01+00:00,qwen-3.5-9B,gguf,gguf,gguf_file,Q8_0,p4096_g128,ar,4096,128,1266.673979,48.070428,9.226,9.67,2,0.3,qwen-3.5-9b-gguf-q8,8bit
2026-05-04T02:04:11+00:00,qwen-3.5-9B,gguf,gguf,gguf_file,Q8_0,p4096_g128,ar,4096,128,1275.431646,48.109795,9.226,10.14,3,0.3,qwen-3.5-9b-gguf-q8,8bit
2026-05-04T02:04:49+00:00,qwen-3.5-9B,gguf,gguf,gguf_file,Q8_0,p4096_g512,ar,4096,512,1225.690897,43.32896,9.226,19.21,1,0.3,qwen-3.5-9b-gguf-q8,8bit
2026-05-04T02:05:08+00:00,qwen-3.5-9B,gguf,gguf,gguf_file,Q8_0,p4096_g512,ar,4096,512,1266.892725,43.991102,9.226,19.22,2,0.3,qwen-3.5-9b-gguf-q8,8bit
2026-05-04T02:05:28+00:00,qwen-3.5-9B,gguf,gguf,gguf_file,Q8_0,p4096_g512,ar,4096,512,1214.992656,44.842801,9.227,19.23,3,0.3,qwen-3.5-9b-gguf-q8,8bit
2026-05-04T02:06:03+00:00,qwen-3.5-9B,gguf,gguf,gguf_file,Q8_0,p8192_g128,ar,8192,128,1226.88641,47.593162,9.367,17.21,1,0.3,qwen-3.5-9b-gguf-q8,8bit
2026-05-04T02:06:19+00:00,qwen-3.5-9B,gguf,gguf,gguf_file,Q8_0,p8192_g128,ar,8192,128,1321.201514,50.205841,9.367,16.22,2,0.3,qwen-3.5-9b-gguf-q8,8bit
2026-05-04T02:06:35+00:00,qwen-3.5-9B,gguf,gguf,gguf_file,Q8_0,p8192_g128,ar,8192,128,1299.028312,50.062766,9.367,15.71,3,0.3,qwen-3.5-9b-gguf-q8,8bit
2026-05-04T02:07:24+00:00,qwen-3.5-9B,gguf,gguf,gguf_file,Q8_0,p8192_g512,ar,8192,512,1266.127618,46.479771,9.367,24.81,1,0.3,qwen-3.5-9b-gguf-q8,8bit
2026-05-04T02:07:50+00:00,qwen-3.5-9B,gguf,gguf,gguf_file,Q8_0,p8192_g512,ar,8192,512,1231.788604,44.733219,9.367,25.3,2,0.3,qwen-3.5-9b-gguf-q8,8bit
2026-05-04T02:08:15+00:00,qwen-3.5-9B,gguf,gguf,gguf_file,Q8_0,p8192_g512,ar,8192,512,1217.732411,46.58146,9.367,25.28,3,0.3,qwen-3.5-9b-gguf-q8,8bit
2026-05-04T02:08:25+00:00,qwen-3.6-35B-A3B,gguf,gguf,gguf_file,Q4_K_M,p256_g128,ar,256,128,2529.845306,97.471252,20.837,3.1,1,0.3,qwen-3.6-35b-a3b-gguf-q4,4bit
2026-05-04T02:08:28+00:00,qwen-3.6-35B-A3B,gguf,gguf,gguf_file,Q4_K_M,p256_g128,ar,256,128,2527.629483,97.436,20.837,3.1,2,0.3,qwen-3.6-35b-a3b-gguf-q4,4bit
2026-05-04T02:08:31+00:00,qwen-3.6-35B-A3B,gguf,gguf,gguf_file,Q4_K_M,p256_g128,ar,256,128,2528.973691,97.441782,20.837,3.09,3,0.3,qwen-3.6-35b-a3b-gguf-q4,4bit
2026-05-04T02:08:45+00:00,qwen-3.6-35B-A3B,gguf,gguf,gguf_file,Q4_K_M,p256_g512,ar,256,512,2531.002081,95.869297,20.842,7.14,1,0.3,qwen-3.6-35b-a3b-gguf-q4,4bit
2026-05-04T02:08:52+00:00,qwen-3.6-35B-A3B,gguf,gguf,gguf_file,Q4_K_M,p256_g512,ar,256,512,2530.531955,89.437444,20.842,7.13,2,0.3,qwen-3.6-35b-a3b-gguf-q4,4bit
2026-05-04T02:09:00+00:00,qwen-3.6-35B-A3B,gguf,gguf,gguf_file,Q4_K_M,p256_g512,ar,256,512,2460.765521,84.671792,20.842,7.64,3,0.3,qwen-3.6-35b-a3b-gguf-q4,4bit
2026-05-04T02:09:07+00:00,qwen-3.6-35B-A3B,gguf,gguf,gguf_file,Q4_K_M,p1024_g128,ar,1024,128,2729.108957,91.386471,20.857,3.6,1,0.3,qwen-3.6-35b-a3b-gguf-q4,4bit
2026-05-04T02:09:11+00:00,qwen-3.6-35B-A3B,gguf,gguf,gguf_file,Q4_K_M,p1024_g128,ar,1024,128,2841.812807,92.440022,20.857,3.6,2,0.3,qwen-3.6-35b-a3b-gguf-q4,4bit
2026-05-04T02:09:14+00:00,qwen-3.6-35B-A3B,gguf,gguf,gguf_file,Q4_K_M,p1024_g128,ar,1024,128,2836.02205,92.721974,20.857,3.61,3,0.3,qwen-3.6-35b-a3b-gguf-q4,4bit
2026-05-04T02:09:31+00:00,qwen-3.6-35B-A3B,gguf,gguf,gguf_file,Q4_K_M,p1024_g512,ar,1024,512,2679.06023,84.889609,20.857,8.15,1,0.3,qwen-3.6-35b-a3b-gguf-q4,4bit
2026-05-04T02:09:39+00:00,qwen-3.6-35B-A3B,gguf,gguf,gguf_file,Q4_K_M,p1024_g512,ar,1024,512,2778.272673,84.87474,20.857,8.14,2,0.3,qwen-3.6-35b-a3b-gguf-q4,4bit
2026-05-04T02:09:47+00:00,qwen-3.6-35B-A3B,gguf,gguf,gguf_file,Q4_K_M,p1024_g512,ar,1024,512,2468.738204,81.774792,20.857,8.64,3,0.3,qwen-3.6-35b-a3b-gguf-q4,4bit
2026-05-04T02:10:01+00:00,qwen-3.6-35B-A3B,gguf,gguf,gguf_file,Q4_K_M,p4096_g128,ar,4096,128,1983.632689,82.55752,20.927,7.11,1,0.3,qwen-3.6-35b-a3b-gguf-q4,4bit
2026-05-04T02:10:08+00:00,qwen-3.6-35B-A3B,gguf,gguf,gguf_file,Q4_K_M,p4096_g128,ar,4096,128,2077.776221,82.873729,20.928,6.61,2,0.3,qwen-3.6-35b-a3b-gguf-q4,4bit
2026-05-04T02:10:14+00:00,qwen-3.6-35B-A3B,gguf,gguf,gguf_file,Q4_K_M,p4096_g128,ar,4096,128,2015.975226,81.365325,20.927,6.6,3,0.3,qwen-3.6-35b-a3b-gguf-q4,4bit
2026-05-04T02:10:38+00:00,qwen-3.6-35B-A3B,gguf,gguf,gguf_file,Q4_K_M,p4096_g512,ar,4096,512,1993.599771,80.303191,20.929,11.66,1,0.3,qwen-3.6-35b-a3b-gguf-q4,4bit
2026-05-04T02:10:49+00:00,qwen-3.6-35B-A3B,gguf,gguf,gguf_file,Q4_K_M,p4096_g512,ar,4096,512,2087.631598,84.091467,20.929,11.22,2,0.3,qwen-3.6-35b-a3b-gguf-q4,4bit
2026-05-04T02:11:00+00:00,qwen-3.6-35B-A3B,gguf,gguf,gguf_file,Q4_K_M,p4096_g512,ar,4096,512,2062.844876,84.230043,20.927,11.16,3,0.3,qwen-3.6-35b-a3b-gguf-q4,4bit
2026-05-04T02:11:22+00:00,qwen-3.6-35B-A3B,gguf,gguf,gguf_file,Q4_K_M,p8192_g128,ar,8192,128,1955.590078,84.83732,21.022,10.67,1,0.3,qwen-3.6-35b-a3b-gguf-q4,4bit
2026-05-04T02:11:33+00:00,qwen-3.6-35B-A3B,gguf,gguf,gguf_file,Q4_K_M,p8192_g128,ar,8192,128,1972.316207,84.153554,21.022,11.16,2,0.3,qwen-3.6-35b-a3b-gguf-q4,4bit
2026-05-04T02:11:44+00:00,qwen-3.6-35B-A3B,gguf,gguf,gguf_file,Q4_K_M,p8192_g128,ar,8192,128,1932.216362,83.708331,21.021,10.71,3,0.3,qwen-3.6-35b-a3b-gguf-q4,4bit
2026-05-04T02:12:16+00:00,qwen-3.6-35B-A3B,gguf,gguf,gguf_file,Q4_K_M,p8192_g512,ar,8192,512,1858.913559,81.825364,21.021,16.23,1,0.3,qwen-3.6-35b-a3b-gguf-q4,4bit
2026-05-04T02:12:33+00:00,qwen-3.6-35B-A3B,gguf,gguf,gguf_file,Q4_K_M,p8192_g512,ar,8192,512,1905.839778,82.208694,21.021,16.2,2,0.3,qwen-3.6-35b-a3b-gguf-q4,4bit
2026-05-04T02:12:49+00:00,qwen-3.6-35B-A3B,gguf,gguf,gguf_file,Q4_K_M,p8192_g512,ar,8192,512,1887.773748,80.96667,21.021,16.21,3,0.3,qwen-3.6-35b-a3b-gguf-q4,4bit
2026-05-04T02:12:58+00:00,qwen-3-coder-next,gguf,gguf,gguf_file,Q4_K_M,p256_g128,ar,256,128,1682.774997,84.676747,45.426,4.08,1,0.3,qwen-3-coder-next-gguf-q4,4bit
2026-05-04T02:13:02+00:00,qwen-3-coder-next,gguf,gguf,gguf_file,Q4_K_M,p256_g128,ar,256,128,1672.785785,84.216856,45.427,4.1,2,0.3,qwen-3-coder-next-gguf-q4,4bit
2026-05-04T02:13:06+00:00,qwen-3-coder-next,gguf,gguf,gguf_file,Q4_K_M,p256_g128,ar,256,128,1681.213553,83.740713,45.427,4.1,3,0.3,qwen-3-coder-next-gguf-q4,4bit
2026-05-04T02:13:24+00:00,qwen-3-coder-next,gguf,gguf,gguf_file,Q4_K_M,p256_g512,ar,256,512,1663.851605,74.47577,45.433,9.64,1,0.3,qwen-3-coder-next-gguf-q4,4bit
2026-05-04T02:13:33+00:00,qwen-3-coder-next,gguf,gguf,gguf_file,Q4_K_M,p256_g512,ar,256,512,1660.040285,77.880314,45.433,9.15,2,0.3,qwen-3-coder-next-gguf-q4,4bit
2026-05-04T02:13:42+00:00,qwen-3-coder-next,gguf,gguf,gguf_file,Q4_K_M,p256_g512,ar,256,512,1642.265235,76.05337,45.433,9.15,3,0.3,qwen-3-coder-next-gguf-q4,4bit
2026-05-04T02:13:52+00:00,qwen-3-coder-next,gguf,gguf,gguf_file,Q4_K_M,p1024_g128,ar,1024,128,1750.322379,80.770776,45.435,4.63,1,0.3,qwen-3-coder-next-gguf-q4,4bit
2026-05-04T02:13:57+00:00,qwen-3-coder-next,gguf,gguf,gguf_file,Q4_K_M,p1024_g128,ar,1024,128,1763.76121,80.127369,45.435,4.68,2,0.3,qwen-3-coder-next-gguf-q4,4bit
2026-05-04T02:14:02+00:00,qwen-3-coder-next,gguf,gguf,gguf_file,Q4_K_M,p1024_g128,ar,1024,128,1714.899134,78.585377,45.435,5.09,3,0.3,qwen-3-coder-next-gguf-q4,4bit
2026-05-04T02:14:22+00:00,qwen-3-coder-next,gguf,gguf,gguf_file,Q4_K_M,p1024_g512,ar,1024,512,1774.514999,74.048101,45.435,10.14,1,0.3,qwen-3-coder-next-gguf-q4,4bit
2026-05-04T02:14:33+00:00,qwen-3-coder-next,gguf,gguf,gguf_file,Q4_K_M,p1024_g512,ar,1024,512,1676.978672,72.805101,45.435,10.26,2,0.3,qwen-3-coder-next-gguf-q4,4bit
2026-05-04T02:14:43+00:00,qwen-3-coder-next,gguf,gguf,gguf_file,Q4_K_M,p1024_g512,ar,1024,512,1557.849028,73.582939,45.435,10.15,3,0.3,qwen-3-coder-next-gguf-q4,4bit
2026-05-04T02:15:02+00:00,qwen-3-coder-next,gguf,gguf,gguf_file,Q4_K_M,p4096_g128,ar,4096,128,1381.868795,73.718794,45.518,9.14,1,0.3,qwen-3-coder-next-gguf-q4,4bit
2026-05-04T02:15:11+00:00,qwen-3-coder-next,gguf,gguf,gguf_file,Q4_K_M,p4096_g128,ar,4096,128,1421.137413,72.377159,45.518,9.26,2,0.3,qwen-3-coder-next-gguf-q4,4bit
2026-05-04T02:15:20+00:00,qwen-3-coder-next,gguf,gguf,gguf_file,Q4_K_M,p4096_g128,ar,4096,128,1409.546601,73.054015,45.518,9.13,3,0.3,qwen-3-coder-next-gguf-q4,4bit
2026-05-04T02:15:49+00:00,qwen-3-coder-next,gguf,gguf,gguf_file,Q4_K_M,p4096_g512,ar,4096,512,1398.817926,72.139639,45.518,14.7,1,0.3,qwen-3-coder-next-gguf-q4,4bit
2026-05-04T02:16:04+00:00,qwen-3-coder-next,gguf,gguf,gguf_file,Q4_K_M,p4096_g512,ar,4096,512,1346.934009,72.404924,45.518,14.8,2,0.3,qwen-3-coder-next-gguf-q4,4bit
2026-05-04T02:16:19+00:00,qwen-3-coder-next,gguf,gguf,gguf_file,Q4_K_M,p4096_g512,ar,4096,512,1275.428585,71.497112,45.518,15.18,3,0.3,qwen-3-coder-next-gguf-q4,4bit
2026-05-04T02:16:52+00:00,qwen-3-coder-next,gguf,gguf,gguf_file,Q4_K_M,p8192_g128,ar,8192,128,1311.18429,73.289132,45.628,16.19,1,0.3,qwen-3-coder-next-gguf-q4,4bit
2026-05-04T02:17:08+00:00,qwen-3-coder-next,gguf,gguf,gguf_file,Q4_K_M,p8192_g128,ar,8192,128,1316.07629,72.982612,45.63,15.71,2,0.3,qwen-3-coder-next-gguf-q4,4bit
2026-05-04T02:17:24+00:00,qwen-3-coder-next,gguf,gguf,gguf_file,Q4_K_M,p8192_g128,ar,8192,128,1287.955119,73.178974,45.628,16.21,3,0.3,qwen-3-coder-next-gguf-q4,4bit
2026-05-04T02:18:06+00:00,qwen-3-coder-next,gguf,gguf,gguf_file,Q4_K_M,p8192_g512,ar,8192,512,1308.018541,72.819231,45.628,21.26,1,0.3,qwen-3-coder-next-gguf-q4,4bit
2026-05-04T02:18:28+00:00,qwen-3-coder-next,gguf,gguf,gguf_file,Q4_K_M,p8192_g512,ar,8192,512,1320.302022,72.80531,45.628,21.27,2,0.3,qwen-3-coder-next-gguf-q4,4bit
2026-05-04T02:18:49+00:00,qwen-3-coder-next,gguf,gguf,gguf_file,Q4_K_M,p8192_g512,ar,8192,512,1315.482775,72.755355,45.628,21.26,3,0.3,qwen-3-coder-next-gguf-q4,4bit
2026-05-06T00:56:30+00:00,qwen-3.6-27B-MTPLX,mlx,mlx,hf_repo,MLX-4bit,p256_g128,ar,230,128,420.492,32.77,15.87,8.85,1,0.3,qwen-3.6-27b-mtplx-speed-mlx-4bit,4bit
2026-05-06T00:56:47+00:00,qwen-3.6-27B-MTPLX,mlx,mlx,hf_repo,MLX-4bit,p256_g512,ar,230,429,495.51,33.427,15.87,16.67,1,0.3,qwen-3.6-27b-mtplx-speed-mlx-4bit,4bit
2026-05-06T00:56:55+00:00,qwen-3.6-27B-MTPLX,mlx,mlx,hf_repo,MLX-4bit,p1024_g128,ar,890,128,811.234,33.495,16.916,8.33,1,0.3,qwen-3.6-27b-mtplx-speed-mlx-4bit,4bit
2026-05-06T00:57:15+00:00,qwen-3.6-27B-MTPLX,mlx,mlx,hf_repo,MLX-4bit,p1024_g512,ar,890,512,797.165,33.016,16.916,20.0,1,0.3,qwen-3.6-27b-mtplx-speed-mlx-4bit,4bit
2026-05-06T00:57:27+00:00,qwen-3.6-27B-MTPLX,mlx,mlx,hf_repo,MLX-4bit,p4096_g128,ar,3520,128,807.688,32.689,18.206,11.72,1,0.3,qwen-3.6-27b-mtplx-speed-mlx-4bit,4bit
2026-05-06T00:57:48+00:00,qwen-3.6-27B-MTPLX,mlx,mlx,hf_repo,MLX-4bit,p4096_g512,ar,3520,432,810.593,32.372,18.206,21.18,1,0.3,qwen-3.6-27b-mtplx-speed-mlx-4bit,4bit
2026-05-06T00:58:04+00:00,qwen-3.6-27B-MTPLX,mlx,mlx,hf_repo,MLX-4bit,p8192_g128,ar,7020,128,819.001,32.501,18.884,15.91,1,0.3,qwen-3.6-27b-mtplx-speed-mlx-4bit,4bit
2026-05-06T00:58:36+00:00,qwen-3.6-27B-MTPLX,mlx,mlx,hf_repo,MLX-4bit,p8192_g512,ar,7020,471,734.014,25.08,18.884,32.13,1,0.3,qwen-3.6-27b-mtplx-speed-mlx-4bit,4bit
2026-05-06T00:58:47+00:00,qwen-3.6-27B-MTPLX,mlx,mlx,hf_repo,MLX-mixed-4bit,p256_g128,ar,230,128,366.67,25.859,19.924,10.88,1,0.3,qwen-3.6-27b-mtplx-optimized-mlx-mixed4,4bit
2026-05-06T00:59:09+00:00,qwen-3.6-27B-MTPLX,mlx,mlx,hf_repo,MLX-mixed-4bit,p256_g512,ar,230,425,449.94,23.201,19.924,22.34,1,0.3,qwen-3.6-27b-mtplx-optimized-mlx-mixed4,4bit
2026-05-06T00:59:19+00:00,qwen-3.6-27B-MTPLX,mlx,mlx,hf_repo,MLX-mixed-4bit,p1024_g128,ar,890,128,727.444,25.181,20.966,9.8,1,0.3,qwen-3.6-27b-mtplx-optimized-mlx-mixed4,4bit
2026-05-06T00:59:44+00:00,qwen-3.6-27B-MTPLX,mlx,mlx,hf_repo,MLX-mixed-4bit,p1024_g512,ar,890,398,654.789,20.44,20.966,25.4,1,0.3,qwen-3.6-27b-mtplx-optimized-mlx-mixed4,4bit
2026-05-06T00:59:59+00:00,qwen-3.6-27B-MTPLX,mlx,mlx,hf_repo,MLX-mixed-4bit,p4096_g128,ar,3520,128,650.178,22.374,22.257,15.03,1,0.3,qwen-3.6-27b-mtplx-optimized-mlx-mixed4,4bit
2026-05-06T01:00:31+00:00,qwen-3.6-27B-MTPLX,mlx,mlx,hf_repo,MLX-mixed-4bit,p4096_g512,ar,3520,485,644.237,21.859,22.257,31.45,1,0.3,qwen-3.6-27b-mtplx-optimized-mlx-mixed4,4bit
2026-05-06T01:00:52+00:00,qwen-3.6-27B-MTPLX,mlx,mlx,hf_repo,MLX-mixed-4bit,p8192_g128,ar,7020,128,628.159,22.091,22.934,21.04,1,0.3,qwen-3.6-27b-mtplx-optimized-mlx-mixed4,4bit
2026-05-06T01:01:28+00:00,qwen-3.6-27B-MTPLX,mlx,mlx,hf_repo,MLX-mixed-4bit,p8192_g512,ar,7020,467,643.41,22.321,22.934,35.82,1,0.3,qwen-3.6-27b-mtplx-optimized-mlx-mixed4,4bit
2026-05-06T01:35:23+00:00,qwen-3.6-27B-MTPLX,mlx,mtplx,hf_repo,MLX-4bit,p256_g128,mtp,256,119,0.0,43.775046602451916,15.138,6.31,1,0.3,qwen-3.6-27b-mtplx-speed-mtplx-mtp,4bit
2026-05-06T01:35:29+00:00,qwen-3.6-27B-MTPLX,mlx,mtplx,hf_repo,MLX-4bit,p256_g128,ar,256,86,0.0,27.321693317798594,15.196,6.54,1,0.3,qwen-3.6-27b-mtplx-speed-mtplx-ar,4bit
2026-05-06T01:35:36+00:00,qwen-3.6-27B-MTPLX,mlx,mtplx,hf_repo,MLX-mixed-4bit,p256_g128,mtp,256,116,0.0,38.99887369855819,19.012,6.56,1,0.3,qwen-3.6-27b-mtplx-optimized-mtplx-mtp,4bit
2026-05-06T01:35:44+00:00,qwen-3.6-27B-MTPLX,mlx,mtplx,hf_repo,MLX-mixed-4bit,p256_g128,ar,256,113,0.0,23.448244142852776,19.005,8.4,1,0.3,qwen-3.6-27b-mtplx-optimized-mtplx-ar,4bit
